test_id|interface|title|conf|pre-update database|pre-update table|pre-query mongo|pre-update mongo|wopParticipantID||mopParticipantID||data|expected|check_mongo|check_mongo_expected|update database|update_mongo|test_scenario
1-1|CPM Token|CPM Token-交易成功|||||||||||{"code": "S0000", "message": "Success."}|||||all
1-2|CPM Payment|CPM Payment-交易成功|||||||||||{"code": "S0000", "message": "Success."}|{"traceID": "#traceID#"}|{"mopConverterCurrencyFlag" : False,"wopConverterCurrencyFlag" : False,"billingConverterCurrencyFlag" : False}|||all
2-1|CPM Token|CPM Token-交易成功||||||||||{"brandID": "Auto_GrabPay_01", "userData": {"wopUserReference":"#autotest_data#", "wopToken":"#autotest_data#", "evonetUserReference":"#autotest_data#"}}|{"code": "S0000", "message": "Success."}|||||all
2-2|CPM Payment|CPM Payment-mopToken.value为空||||||||||{"mopToken": {"value": ""}, "mopOrderNumber": "#mopOrderNumber#", "mopTransTime": "#mopTransTime#", "transAmount": {"currency": "JPY", "value": "23"}, "storeInfo": {"id": "auto storeId", "localName": "auto localName", "mcc": "7011"}}|{"code": "V0001", "message": "Field {mopToken.value} absent or empty."}|||||all
3-1|CPM Token|CPM Token-交易成功||||||||||{"brandID": "Auto_GrabPay_01", "userData": {"wopUserReference":"#autotest_data#", "wopToken":"#autotest_data#", "evonetUserReference":"#autotest_data#"}}|{"code": "S0000", "message": "Success."}|||||all
3-2|CPM Payment|CPM Payment-mopToken.value超过2048位（2049位）||||||||||{"mopToken": {"value": "#create_2048#1"}, "mopOrderNumber": "#mopOrderNumber#", "mopTransTime": "#mopTransTime#", "transAmount": {"currency": "JPY", "value": "23"}, "storeInfo": {"id": "auto storeId", "localName": "auto localName", "mcc": "7011"}}|{"code": "V0017", "message": "Field {mopToken.value} invalid length."}|||||all
4-1|CPM Token|CPM Token-交易成功||||||||||{"brandID": "Auto_GrabPay_01", "userData": {"wopUserReference":"#autotest_data#", "wopToken":"#autotest_data#", "evonetUserReference":"#autotest_data#"}}|{"code": "S0000", "message": "Success."}|||||all
4-2|CPM Payment|CPM Payment-mopOrderNumber为空||||||||||{"mopToken": {"value": "#mopToken#"}, "mopOrderNumber": "", "mopTransTime": "#mopTransTime#", "transAmount": {"currency": "JPY", "value": "23"}, "storeInfo": {"id": "auto storeId", "localName": "auto localName", "mcc": "7011"}}|{"code": "V0001", "message": "Field {mopOrderNumber} absent or empty."}|||||all
5-1|CPM Token|CPM Token-交易成功||||||||||{"brandID": "Auto_GrabPay_01", "userData": {"wopUserReference":"#autotest_data#", "wopToken":"#autotest_data#", "evonetUserReference":"#autotest_data#"}}|{"code": "S0000", "message": "Success."}|||||all
5-2|CPM Payment|CPM Payment-mopOrderNumber超过128位（129位）||||||||||{"mopToken": {"value": "#mopToken#"}, "mopOrderNumber": "#create_128#1", "mopTransTime": "#mopTransTime#", "transAmount": {"currency": "JPY", "value": "23"}, "storeInfo": {"id": "auto storeId", "localName": "auto localName", "mcc": "7011"}}|{"code": "V0017", "message": "Field {mopOrderNumber} invalid length."}|||||all
6-1|CPM Token|CPM Token-交易成功||||||||||{"brandID": "Auto_GrabPay_01", "userData": {"wopUserReference":"#autotest_data#", "wopToken":"#autotest_data#", "evonetUserReference":"#autotest_data#"}}|{"code": "S0000", "message": "Success."}|||||all
6-2|CPM Payment|CPM Payment-mopOrderNumber为特殊字符-交易成功||||||||||{"mopToken": {"value": "#mopToken#"}, "mopOrderNumber": "*()&^*(wee123", "mopTransTime": "#mopTransTime#", "transAmount": {"currency": "JPY", "value": "23"}, "storeInfo": {"id": "auto storeId", "localName": "auto localName", "mcc": "7011"}}|{"code": "S0000", "message": "Success."}|{"traceID": "#traceID#"}|{"wopID":"WOP_Auto_JCoinPay_01","mopID":"MOP_Auto_GrabPay_01"}|||all
7-1|CPM Token|CPM Token-交易成功|||||||||||{"code": "S0000", "message": "Success."}|||||all
7-2|CPM Payment|CPM Payment-mopTransTime为空||||||||||{"mopToken": {"value": "#mopToken#"}, "mopOrderNumber": "#mopOrderNumber#", "mopTransTime": "", "transAmount": {"currency": "JPY", "value": "23"}, "storeInfo": {"id": "auto storeId", "localName": "auto localName", "mcc": "7011"}}|{"code": "V0001", "message": "Field {mopTransTime} absent or empty."}|||||all
8-1|CPM Token|CPM Token-交易成功||||||||||{"brandID": "Auto_GrabPay_01", "userData": {"wopUserReference":"#autotest_data#", "wopToken":"#autotest_data#", "evonetUserReference":"#autotest_data#"}}|{"code": "S0000", "message": "Success."}|||||all
8-2|CPM Payment|CPM Payment-mopTransTime为20180424073122:0800||||||||||{"mopToken": {"value": "#mopToken#"}, "mopOrderNumber": "#mopOrderNumber#", "mopTransTime": "20180424073122:0800", "transAmount": {"currency": "JPY", "value": "23"}, "storeInfo": {"id": "auto storeId", "localName": "auto localName", "mcc": "7011"}}|{"code": "V0002", "message": "Field {mopTransTime} invalid value."}|||||all
9-1|CPM Token|CPM Token-交易成功||||||||||{"brandID": "Auto_GrabPay_01", "userData": {"wopUserReference":"#autotest_data#", "wopToken":"#autotest_data#", "evonetUserReference":"#autotest_data#"}}|{"code": "S0000", "message": "Success."}|||||all
9-2|CPM Payment|CPM Payment-mopTransTime为20180424073122-0700-交易成功||||||||||{"mopToken": {"value": "#mopToken#"}, "mopOrderNumber": "#mopOrderNumber#", "mopTransTime": "20180424073122-0700", "transAmount": {"currency": "JPY", "value": "23"}, "storeInfo": {"id": "auto storeId", "localName": "auto localName", "mcc": "7011"}}|{"code": "S0000", "message": "Success."}|{"traceID": "#traceID#"}|{"status" : "succeeded","wopStatus" : "succeeded","mopStatus" : "succeeded"}|||all
11-1|CPM Token|CPM Token-交易成功||||||||||{"brandID": "Auto_GrabPay_01", "userData": {"wopUserReference":"#autotest_data#", "wopToken":"#autotest_data#", "evonetUserReference":"#autotest_data#"}}|{"code": "S0000", "message": "Success."}|||||all
11-2|CPM Payment|CPM Payment-mopTransTime为特殊字符||||||||||{"mopToken": {"value": "#mopToken#"}, "mopOrderNumber": "#mopOrderNumber#", "mopTransTime": "@$^&*()", "transAmount": {"currency": "JPY", "value": "23"}, "storeInfo": {"id": "auto storeId", "localName": "auto localName", "mcc": "7011"}}|{"code": "V0002", "message": "Field {mopTransTime} invalid value."}|||||all
12-1|CPM Token|CPM Token-交易成功||||||||||{"brandID": "Auto_GrabPay_01", "userData": {"wopUserReference":"#autotest_data#", "wopToken":"#autotest_data#", "evonetUserReference":"#autotest_data#"}}|{"code": "S0000", "message": "Success."}|||||all
12-2|CPM Payment|CPM Payment-transAmount.currency为数字||||||||||{"mopToken": {"value": "#mopToken#"}, "mopOrderNumber": "#mopOrderNumber#", "mopTransTime": "#mopTransTime#", "transAmount": {"currency": "111", "value": "23"}, "storeInfo": {"id": "auto storeId", "localName": "auto localName", "mcc": "7011"}}|{"code": "V0002", "message": "Field {transAmount.currency} invalid value."}|||||all
13-1|CPM Token|CPM Token-交易成功||||||||||{"brandID": "Auto_GrabPay_01", "userData": {"wopUserReference":"#autotest_data#", "wopToken":"#autotest_data#", "evonetUserReference":"#autotest_data#"}}|{"code": "S0000", "message": "Success."}|||||all
13-2|CPM Payment|CPM Payment-transAmount.currency为空||||||||||{"mopToken": {"value": "#mopToken#"}, "mopOrderNumber": "#mopOrderNumber#", "mopTransTime": "#mopTransTime#", "transAmount": {"currency": "", "value": "23"}, "storeInfo": {"id": "auto storeId", "localName": "auto localName", "mcc": "7011"}}|{"code": "V0001", "message": "Field {transAmount.currency} absent or empty."}|||||all
14-1|CPM Token|CPM Token-交易成功||||||||||{"brandID": "Auto_GrabPay_01", "userData": {"wopUserReference":"#autotest_data#", "wopToken":"#autotest_data#", "evonetUserReference":"#autotest_data#"}}|{"code": "S0000", "message": "Success."}|||||all
14-2|CPM Payment|CPM Payment-transAmount.currency为LLL||||||||||{"mopToken": {"value": "#mopToken#"}, "mopOrderNumber": "#mopOrderNumber#", "mopTransTime": "#mopTransTime#", "transAmount": {"currency": "LLL", "value": "23"}, "storeInfo": {"id": "auto storeId", "localName": "auto localName", "mcc": "7011"}}|{"code": "V0002", "message": "Field {transAmount.currency} invalid value."}|||||all
15-1|CPM Token|CPM Token-交易成功||||||||||{"brandID": "Auto_GrabPay_01", "userData": {"wopUserReference":"#autotest_data#", "wopToken":"#autotest_data#", "evonetUserReference":"#autotest_data#"}}|{"code": "S0000", "message": "Success."}|||||all
15-2|CPM Payment|CPM Payment-transAmount.currency大于3位||||||||||{"mopToken": {"value": "#mopToken#"}, "mopOrderNumber": "#mopOrderNumber#", "mopTransTime": "#mopTransTime#", "transAmount": {"currency": "JPYY", "value": "23"}, "storeInfo": {"id": "auto storeId", "localName": "auto localName", "mcc": "7011"}}|{"code": "V0017", "message": "Field {transAmount.currency} invalid length."}|||||all
16-1|CPM Token|CPM Token-交易成功||||||||||{"brandID": "Auto_GrabPay_01", "userData": {"wopUserReference":"#autotest_data#", "wopToken":"#autotest_data#", "evonetUserReference":"#autotest_data#"}}|{"code": "S0000", "message": "Success."}|||||all
16-2|CPM Payment|CPM Payment-transAmount.currency小于3位||||||||||{"mopToken": {"value": "#mopToken#"}, "mopOrderNumber": "#mopOrderNumber#", "mopTransTime": "#mopTransTime#", "transAmount": {"currency": "JP", "value": "23"}, "storeInfo": {"id": "auto storeId", "localName": "auto localName", "mcc": "7011"}}|{"code": "V0017", "message": "Field {transAmount.currency} invalid length."}|||||all
17-1|CPM Token|CPM Token-交易成功||||||||||{"brandID": "Auto_GrabPay_01", "userData": {"wopUserReference":"#autotest_data#", "wopToken":"#autotest_data#", "evonetUserReference":"#autotest_data#"}}|{"code": "S0000", "message": "Success."}|||||all
17-2|CPM Payment|CPM Payment-transAmount.currency不支持的币种||||||||||{"mopToken": {"value": "#mopToken#"}, "mopOrderNumber": "#mopOrderNumber#", "mopTransTime": "#mopTransTime#", "transAmount": {"currency": "EUR", "value": "23"}, "storeInfo": {"id": "auto storeId", "localName": "auto localName", "mcc": "7011"}}|{"code": "B0013", "message": "Transaction currency not supported."}|||||all
18-1|CPM Token|CPM Token-交易成功||||||||||{"brandID": "Auto_GrabPay_01", "userData": {"wopUserReference":"#autotest_data#", "wopToken":"#autotest_data#", "evonetUserReference":"#autotest_data#"}}|{"code": "S0000", "message": "Success."}|||||all
18-2|CPM Payment|CPM Payment-transAmount.value为空||||||||||{"mopToken": {"value": "#mopToken#"}, "mopOrderNumber": "#mopOrderNumber#", "mopTransTime": "#mopTransTime#", "transAmount": {"currency": "JPY", "value": ""}, "storeInfo": {"id": "auto storeId", "localName": "auto localName", "mcc": "7011"}}|{"code": "V0001", "message": "Field {transAmount.value} absent or empty."}|||||all
19-1|CPM Token|CPM Token-交易成功||||||||||{"brandID": "Auto_GrabPay_01", "userData": {"wopUserReference":"#autotest_data#", "wopToken":"#autotest_data#", "evonetUserReference":"#autotest_data#"}}|{"code": "S0000", "message": "Success."}|||||all
19-2|CPM Payment|CPM Payment-transAmount.value为13位0||||||||||{"mopToken": {"value": "#mopToken#"}, "mopOrderNumber": "#mopOrderNumber#", "mopTransTime": "#mopTransTime#", "transAmount": {"currency": "JPY", "value": "0000000000000"}, "storeInfo": {"id": "auto storeId", "localName": "auto localName", "mcc": "7011"}}|{"code": "E0002", "message": "Failed."}|||||all
20-1|CPM Token|CPM Token-交易成功||||||||||{"brandID": "Auto_GrabPay_01", "userData": {"wopUserReference":"#autotest_data#", "wopToken":"#autotest_data#", "evonetUserReference":"#autotest_data#"}}|{"code": "S0000", "message": "Success."}|||||all
20-2|CPM Payment|CPM Payment-币种为JPY,transAmount.value为13位9||||||||||{"mopToken": {"value": "#mopToken#"}, "mopOrderNumber": "#mopOrderNumber#", "mopTransTime": "#mopTransTime#", "transAmount": {"currency": "JPY", "value": "9999999999999"}, "storeInfo": {"id": "auto storeId", "localName": "auto localName", "mcc": "7011"}}|{"code": "S0000", "message": "Success."}|{"traceID": "#traceID#"}|{"wopID":"WOP_Auto_JCoinPay_01","mopID":"MOP_Auto_GrabPay_01"}|||all
21-1|CPM Token|CPM Token-交易成功||||||||||{"brandID": "Auto_GrabPay_01", "userData": {"wopUserReference":"#autotest_data#", "wopToken":"#autotest_data#", "evonetUserReference":"#autotest_data#"}}|{"code": "S0000", "message": "Success."}|||||all
21-2|CPM Payment|CPM Payment-币种为JPY,transAmount.value为9.99||||||||||{"mopToken": {"value": "#mopToken#"}, "mopOrderNumber": "#mopOrderNumber#", "mopTransTime": "#mopTransTime#", "transAmount": {"currency": "JPY", "value": "9.99"}, "storeInfo": {"id": "auto storeId", "localName": "auto localName", "mcc": "7011"}}|{"code": "V0002", "message": "Field {transAmount.value} invalid value."}|||||all
22-1|CPM Token|CPM Token-交易成功||||||||||{"brandID": "Auto_GrabPay_01", "userData": {"wopUserReference":"#autotest_data#", "wopToken":"#autotest_data#", "evonetUserReference":"#autotest_data#"}}|{"code": "S0000", "message": "Success."}|||||all
22-2|CPM Payment|CPM Payment-币种为HKD,transAmount.value为0.00000000001||||||||||{"mopToken": {"value": "#mopToken#"}, "mopOrderNumber": "#mopOrderNumber#", "mopTransTime": "#mopTransTime#", "transAmount": {"currency": "HKD", "value": "0.00000000001"}, "storeInfo": {"id": "auto storeId", "localName": "auto localName", "mcc": "7011"}}|{"code": "V0002", "message": "Field {transAmount.value} invalid value."}|||||all
23-1|CPM Token|CPM Token-交易成功||||||||||{"brandID": "Auto_GrabPay_01", "userData": {"wopUserReference":"#autotest_data#", "wopToken":"#autotest_data#", "evonetUserReference":"#autotest_data#"}}|{"code": "S0000", "message": "Success."}|||||all
23-3|CPM Payment|CPM Payment-币种为HKD,transAmount.value为0.001||||||||||{"mopToken": {"value": "#mopToken#"}, "mopOrderNumber": "#mopOrderNumber#", "mopTransTime": "#mopTransTime#", "transAmount": {"currency": "HKD", "value": "0.001"}, "storeInfo": {"id": "auto storeId", "localName": "auto localName", "mcc": "7011"}}|{"code": "V0002", "message": "Field {transAmount.value} invalid value."}|||||all
24-1|CPM Token|CPM Token-交易成功||||||||||{"brandID": "Auto_GrabPay_01", "userData": {"wopUserReference":"#autotest_data#", "wopToken":"#autotest_data#", "evonetUserReference":"#autotest_data#"}}|{"code": "S0000", "message": "Success."}|||||all
24-2|CPM Payment|CPM Payment-币种为HKD,transAmount.value为13位9||||||||||{"mopToken": {"value": "#mopToken#"}, "mopOrderNumber": "#mopOrderNumber#", "mopTransTime": "#mopTransTime#", "transAmount": {"currency": "HKD", "value": "9999999999.99"}, "storeInfo": {"id": "auto storeId", "localName": "auto localName", "mcc": "7011"}}|{"code": "S0000", "message": "Success."}|{"traceID": "#traceID#"}|{"wopID":"WOP_Auto_JCoinPay_01","mopID":"MOP_Auto_GrabPay_01"}|||all
25-1|CPM Token|CPM Token-交易成功||||||||||{"brandID": "Auto_GrabPay_01", "userData": {"wopUserReference":"#autotest_data#", "wopToken":"#autotest_data#", "evonetUserReference":"#autotest_data#"}}|{"code": "S0000", "message": "Success."}|||||all
25-2|CPM Payment|CPM Payment-币种为HKD,transAmount.value为超过13位||||||||||{"mopToken": {"value": "#mopToken#"}, "mopOrderNumber": "#mopOrderNumber#", "mopTransTime": "#mopTransTime#", "transAmount": {"currency": "HKD", "value": "123456789011.1"}, "storeInfo": {"id": "auto storeId", "localName": "auto localName", "mcc": "7011"}}|{"code": "V0017", "message": "Field {transAmount.value} invalid length."}|||||all
26-1|CPM Token|CPM Token-交易成功||||||||||{"brandID": "Auto_GrabPay_01", "userData": {"wopUserReference":"#autotest_data#", "wopToken":"#autotest_data#", "evonetUserReference":"#autotest_data#"}}|{"code": "S0000", "message": "Success."}|||||all
34-1|CPM Token|CPM Token-交易成功||||||||||{"brandID": "Auto_GrabPay_01", "userData": {"wopUserReference":"#autotest_data#", "wopToken":"#autotest_data#", "evonetUserReference":"#autotest_data#"}}|{"code": "S0000", "message": "Success."}|||||all
34-2|CPM Payment|CPM Payment-storeInfo.mcc四位字母-交易成功||||||||||{"mopToken": {"value": "#mopToken#"}, "mopOrderNumber": "#mopOrderNumber#", "mopTransTime": "#mopTransTime#", "transAmount": {"currency": "JPY", "value": "123"}, "storeInfo": {"id": "auto storeId", "localName": "auto localName", "mcc": "aaaa"}}|{"code": "V0000", "message": "Invalid format."}|||||all
35-1|CPM Token|CPM Token-交易成功|{"wopParticipantID":"WOP_Auto_JCoinPay_B1","mopParticipantID":"MOP_Auto_GrabPay_B1"}|||||||||{"brandID": "Auto_GrabPay_B1", "userData": {"wopUserReference":"#autotest_data#", "wopToken":"#autotest_data#", "evonetUserReference":"#autotest_data#"}}|{"code": "S0000", "message": "Success."}|||||all
35-2|CPM Payment|MOP配置信息检查-MOP不存在-交易失败|{"wopParticipantID":"WOP_Auto_JCoinPay_B1","mopParticipantID":"MOP_Auto_GrabPay_B1"}||mop|{"baseInfo.mopID":"MOP_Auto_GrabPay_B1"}||||||{"mopToken": {"value": "#mopToken#"}, "mopOrderNumber": "#mopOrderNumber#", "mopTransTime": "#mopTransTime#", "transAmount": {"currency": "JPY", "value": "23"}, "storeInfo": {"id": "auto storeId", "localName": "auto localName", "mcc": "7011"}}|{"code":"B0017","message":"Participant ID (MOP) not found."}|||||all
36-1|CPM Token|CPM Token-交易成功|{"wopParticipantID":"WOP_Auto_JCoinPay_B1","mopParticipantID":"MOP_Auto_GrabPay_B1"}|||||||||{"brandID": "Auto_GrabPay_B1", "userData": {"wopUserReference":"#autotest_data#", "wopToken":"#autotest_data#", "evonetUserReference":"#autotest_data#"}}|{"code": "S0000", "message": "Success."}|||||all
36-2|CPM Payment|MOP配置信息检查:MOP状态已关闭-交易失败|{"wopParticipantID":"WOP_Auto_JCoinPay_B1","mopParticipantID":"MOP_Auto_GrabPay_B1"}||mop|{"baseInfo.mopID":"MOP_Auto_GrabPay_B1"}|{"baseInfo.status" : "locked"}|||||{"mopToken": {"value": "#mopToken#"}, "mopOrderNumber": "#mopOrderNumber#", "mopTransTime": "#mopTransTime#", "transAmount": {"currency": "JPY", "value": "23"}, "storeInfo": {"id": "auto storeId", "localName": "auto localName", "mcc": "7011"}}|{"code":"B0020","message":"MOP status error."}|{"traceID": "#traceID#"}|{"status" : "failed","wopStatus" : "failed","mopStatus" : "failed"}|||all
37-1|CPM Token|CPM Token-交易成功|{"wopParticipantID":"WOP_Auto_JCoinPay_B1","mopParticipantID":"MOP_Auto_GrabPay_B1"}|||||||||{"brandID": "Auto_GrabPay_B1", "userData": {"wopUserReference":"#autotest_data#", "wopToken":"#autotest_data#", "evonetUserReference":"#autotest_data#"}}|{"code": "S0000", "message": "Success."}|||||all
37-2|CPM Payment|MOP配置信息检查-MOP不存在_deleteFlag：True(删除)-交易失败|{"wopParticipantID":"WOP_Auto_JCoinPay_B1","mopParticipantID":"MOP_Auto_GrabPay_B1"}||mop|{"baseInfo.mopID":"MOP_Auto_GrabPay_B1"}|{"deleteFlag": True}|||||{"mopToken": {"value": "#mopToken#"}, "mopOrderNumber": "#mopOrderNumber#", "mopTransTime": "#mopTransTime#", "transAmount": {"currency": "JPY", "value": "23"}, "storeInfo": {"id": "auto storeId", "localName": "auto localName", "mcc": "7011"}}|{"code":"B0017","message":"Participant ID (MOP) not found."}|||||all
38-1|CPM Token|CPM Token-交易成功|||||||||||{"code": "S0000", "message": "Success."}|||||all
38-2|CPM Payment|MOP Token不存在-交易失败||||||||||{"mopToken": {"value": "autotest11223344"}, "mopOrderNumber": "#mopOrderNumber#", "mopTransTime": "#mopTransTime#", "transAmount": {"currency": "JPY", "value": "23"}, "storeInfo": {"id": "auto storeId", "localName": "auto localName", "mcc": "7011"}}|{"code":"B0007","message":"MOP token invalid."}|||||all
39-1|CPM Token|CPM Token-交易成功||||||||||{"brandID": "Auto_GrabPay_01", "userData": {"wopUserReference":"#autotest_data#", "wopToken":"#autotest_data#", "evonetUserReference":"#autotest_data#"}}|{"code": "S0000", "message": "Success."}|||||all
39-2|CPM Payment|CPM Payment-交易成功||||||||||{"mopToken": {"value": "#mopToken#"}, "mopOrderNumber": "#mopOrderNumber#", "mopTransTime": "#mopTransTime#", "transAmount": {"currency": "JPY", "value": "23"}, "storeInfo": {"id": "auto storeId", "localName": "auto localName", "mcc": "7011"}}|{"code": "S0000", "message": "Success."}|{"traceID": "#traceID#"}|{"wopID":"WOP_Auto_JCoinPay_01","mopID":"MOP_Auto_GrabPay_01"}|||all
39-3|CPM Payment|MOP Token已经被使用-交易失败||||||||||{"mopToken": {"value": "#mopToken#"}, "mopOrderNumber": "#mopOrderNumber#", "mopTransTime": "#mopTransTime#", "transAmount": {"currency": "JPY", "value": "23"}, "storeInfo": {"id": "auto storeId", "localName": "auto localName", "mcc": "7011"}}|{"code":"B0007","message":"MOP token invalid."}|||||all
40-1|CPM Token|CPM Token-交易成功|{"wopParticipantID":"WOP_Auto_JCoinPay_B1","mopParticipantID":"MOP_Auto_GrabPay_B1"}|||||||||{"brandID": "Auto_GrabPay_B1", "userData": {"wopUserReference":"#autotest_data#", "wopToken":"#autotest_data#", "evonetUserReference":"#autotest_data#"}}|{"code": "S0000", "message": "Success."}|||||all
40-2|CPM Payment|WOP和MOP业务关系relation表不存在|{"wopParticipantID":"WOP_Auto_JCoinPay_B1","mopParticipantID":"MOP_Auto_GrabPay_B1"}|tyo|relation|{"mopID":"MOP_Auto_GrabPay_B1"}||||||{"mopToken": {"value": "#mopToken#"}, "mopOrderNumber": "#mopOrderNumber#", "mopTransTime": "#mopTransTime#", "transAmount": {"currency": "JPY", "value": "23"}, "storeInfo": {"id": "auto storeId", "localName": "auto localName", "mcc": "7011"}}|{"code":"B0022","message":"WOP and MOP relation missing."}|||||all
41-1|CPM Token|CPM Token-交易成功|{"wopParticipantID":"WOP_Auto_JCoinPay_B1","mopParticipantID":"MOP_Auto_GrabPay_B1"}|||||||||{"brandID": "Auto_GrabPay_B1", "userData": {"wopUserReference":"#autotest_data#", "wopToken":"#autotest_data#", "evonetUserReference":"#autotest_data#"}}|{"code": "S0000", "message": "Success."}|||||all
41-2|CPM Payment|WOP和MOP业务关系relation表不存在,MOP和*存在|{"wopParticipantID":"WOP_Auto_JCoinPay_B1","mopParticipantID":"MOP_Auto_GrabPay_B1"}||relation|{"mopID":"MOP_Auto_GrabPay_B1"}|{"wopID" : "*"}|||||{"mopToken": {"value": "#mopToken#"}, "mopOrderNumber": "#mopOrderNumber#", "mopTransTime": "#mopTransTime#", "transAmount": {"currency": "JPY", "value": "23"}, "storeInfo": {"id": "auto storeId", "localName": "auto localName", "mcc": "7011"}}|{"code":"B0022","message":"WOP and MOP relation missing."}|||||all
42-1|CPM Token|CPM Token-交易成功|{"wopParticipantID":"WOP_Auto_JCoinPay_B1","mopParticipantID":"MOP_Auto_GrabPay_B1"}|||||||||{"brandID": "Auto_GrabPay_B1", "userData": {"wopUserReference":"#autotest_data#", "wopToken":"#autotest_data#", "evonetUserReference":"#autotest_data#"}}|{"code": "S0000", "message": "Success."}|||||all
42-2|CPM Payment|WOP和MOP业务关系relation表不存在,WOP和*存在|{"wopParticipantID":"WOP_Auto_JCoinPay_B1","mopParticipantID":"MOP_Auto_GrabPay_B1"}|tyo|relation|{"wopID":"WOP_Auto_JCoinPay_B1"}|{"mopID" : "*"}|||||{"mopToken": {"value": "#mopToken#"}, "mopOrderNumber": "#mopOrderNumber#", "mopTransTime": "#mopTransTime#", "transAmount": {"currency": "JPY", "value": "23"}, "storeInfo": {"id": "auto storeId", "localName": "auto localName", "mcc": "7011"}}|{"code":"B0022","message":"WOP and MOP relation missing."}|||||all
43-1|CPM Token|CPM Token-交易成功|{"wopParticipantID":"WOP_Auto_JCoinPay_B1","mopParticipantID":"MOP_Auto_GrabPay_B1"}|||||||||{"brandID": "Auto_GrabPay_B1", "userData": {"wopUserReference":"#autotest_data#", "wopToken":"#autotest_data#", "evonetUserReference":"#autotest_data#"}}|{"code": "S0000", "message": "Success."}|||||all
43-2|CPM Payment|WOP配置信息检查-WOP不存在-交易失败|{"wopParticipantID":"WOP_Auto_JCoinPay_B1","mopParticipantID":"MOP_Auto_GrabPay_B1"}||wop|{"baseInfo.wopID":"WOP_Auto_JCoinPay_B1"}||||||{"mopToken": {"value": "#mopToken#"}, "mopOrderNumber": "#mopOrderNumber#", "mopTransTime": "#mopTransTime#", "transAmount": {"currency": "JPY", "value": "23"}, "storeInfo": {"id": "auto storeId", "localName": "auto localName", "mcc": "7011"}}|{"code":"B0016","message":"Participant ID (WOP) not found."}|||||all
44-1|CPM Token|CPM Token-交易成功|{"wopParticipantID":"WOP_Auto_JCoinPay_B1","mopParticipantID":"MOP_Auto_GrabPay_B1"}|||||||||{"brandID": "Auto_GrabPay_B1", "userData": {"wopUserReference":"#autotest_data#", "wopToken":"#autotest_data#", "evonetUserReference":"#autotest_data#"}}|{"code": "S0000", "message": "Success."}|||||all
44-2|CPM Payment|WOP配置信息检查:WOP状态已关闭-交易失败|{"wopParticipantID":"WOP_Auto_JCoinPay_B1","mopParticipantID":"MOP_Auto_GrabPay_B1"}|tyo|wop|{"baseInfo.wopID":"WOP_Auto_JCoinPay_B1"}|{"baseInfo.status" : "locked"}|||||{"mopToken": {"value": "#mopToken#"}, "mopOrderNumber": "#mopOrderNumber#", "mopTransTime": "#mopTransTime#", "transAmount": {"currency": "JPY", "value": "23"}, "storeInfo": {"id": "auto storeId", "localName": "auto localName", "mcc": "7011"}}|{"code":"B0019","message":"WOP status error."}|||||all
45-1|CPM Token|CPM Token-交易成功|{"wopParticipantID":"WOP_Auto_JCoinPay_B1","mopParticipantID":"MOP_Auto_GrabPay_B1"}|||||||||{"brandID": "Auto_GrabPay_B1", "userData": {"wopUserReference":"#autotest_data#", "wopToken":"#autotest_data#", "evonetUserReference":"#autotest_data#"}}|{"code": "S0000", "message": "Success."}|||||all
45-2|CPM Payment|WOP配置信息检查-WOP存在_deleteFlag：True(删除)-交易失败|{"wopParticipantID":"WOP_Auto_JCoinPay_B1","mopParticipantID":"MOP_Auto_GrabPay_B1"}||wop|{"baseInfo.wopID":"WOP_Auto_JCoinPay_B1"}|{"deleteFlag": True}|||||{"mopToken": {"value": "#mopToken#"}, "mopOrderNumber": "#mopOrderNumber#", "mopTransTime": "#mopTransTime#", "transAmount": {"currency": "JPY", "value": "23"}, "storeInfo": {"id": "auto storeId", "localName": "auto localName", "mcc": "7011"}}|{"code":"B0016","message":"Participant ID (WOP) not found."}|||||all
46-1|CPM Token|CPM Token-交易成功||||||||||{"brandID": "Auto_GrabPay_01", "userData": {"wopUserReference":"#autotest_data#", "wopToken":"#autotest_data#", "evonetUserReference":"#autotest_data#"}}|{"code": "S0000", "message": "Success."}|||||all
46-2|CPM Payment|MOP不支持交易币种（此用例使用默认配置）-交易失败||||||||||{"mopToken": {"value": "#mopToken#"}, "mopOrderNumber": "#mopOrderNumber#", "mopTransTime": "#mopTransTime#", "transAmount": {"currency": "CNY", "value": "23"}, "storeInfo": {"id": "auto storeId", "localName": "auto localName", "mcc": "7011"}}|{"code":"B0013","message":"Transaction currency not supported."}|||||all
46-3|CPM Payment|CPM payment失败的交易再使用一次token-交易失败||||||||||{"mopToken": {"value": "#mopToken#"}, "mopOrderNumber": "#mopOrderNumber#", "mopTransTime": "#mopTransTime#", "transAmount": {"currency": "JPY", "value": "23"}, "storeInfo": {"id": "auto storeId", "localName": "auto localName", "mcc": "7011"}}|{"code":"B0007","message":"MOP token invalid."}|||||all
47-1|CPM Token|CPM Token-交易成功||||||||||{"brandID": "Auto_GrabPay_01", "userData": {"wopUserReference":"#autotest_data#", "wopToken":"#autotest_data#", "evonetUserReference":"#autotest_data#"}}|{"code": "S0000", "message": "Success."}|||||all
47-2|CPM Payment|MOP不支持交易币种（此用例使用个性化配置）-交易失败||||||||||{"mopToken": {"value": "#mopToken#"}, "mopOrderNumber": "#mopOrderNumber#", "mopTransTime": "#mopTransTime#", "transAmount": {"currency": "CNY", "value": "23"}, "storeInfo": {"id": "auto storeId", "localName": "auto localName", "mcc": "7011"}}|{"code":"B0013","message":"Transaction currency not supported."}|||||all
49-1|CPM Token|CPM Token-交易成功|{"wopParticipantID":"WOP_Auto_JCoinPay_02","mopParticipantID":"MOP_Auto_GrabPay_02"}|||||||||{"brandID": "Auto_GrabPay_02", "userData": {"wopUserReference":"#autotest_data#", "wopToken":"#autotest_data#", "evonetUserReference":"#autotest_data#"}}|{"code": "S0000", "message": "Success."}|||||all
49-2|CPM Payment|evonet模式,个性化表settelcyrrency:'',evonet给MOP提供货币转换-wopSettCurrency:EUR,mopSettCurrency:CAD,billingSettCurrency:USD|{"wopParticipantID":"WOP_Auto_JCoinPay_02","mopParticipantID":"MOP_Auto_GrabPay_02"}|||||||||{"mopToken": {"value": "#mopToken#"}, "mopOrderNumber": "#mopOrderNumber#", "mopTransTime": "#mopTransTime#", "transAmount": {"currency": "JPY", "value": "23"}, "storeInfo": {"id": "auto storeId", "localName": "auto localName", "mcc": "7011"}}|{"code": "S0000", "message": "Success."}|{"traceID": "#traceID#"}|{"mopConverterCurrencyFlag" : True,"wopConverterCurrencyFlag" : True,"billingConverterCurrencyFlag" : True}|||all
50-1|CPM Token|CPM Token-交易成功|{"wopParticipantID":"WOP_Auto_JCoinPay_02","mopParticipantID":"MOP_Auto_GrabPay_02"}|||||||||{"brandID": "Auto_GrabPay_02", "userData": {"wopUserReference":"#autotest_data#", "wopToken":"#autotest_data#", "evonetUserReference":"#autotest_data#"}}|{"code": "S0000", "message": "Success."}|||||all
50-2|CPM Payment|evonet模式,个性化表settelcyrrency:'',evonet给MOP提供货币转换-wopSettCurrency:EUR,mopSettCurrency:CAD,billingSettCurrency:USD|{"wopParticipantID":"WOP_Auto_JCoinPay_02","mopParticipantID":"MOP_Auto_GrabPay_02"}|||||||||{"mopToken": {"value": "#mopToken#"}, "mopOrderNumber": "#mopOrderNumber#", "mopTransTime": "#mopTransTime#", "transAmount": {"currency": "JPY", "value": "23"}, "storeInfo": {"id": "auto storeId", "localName": "auto localName", "mcc": "7011"}}|{"code": "S0000", "message": "Success."}|{"traceID": "#traceID#"}|{"mopSettleCurrency" : "CAD","mopSettleSourceCurrency" : "JPY","mopSettleDestinationCurrency" : "CAD","mccr" : 0.11,"wopSettleCurrency" : "EUR","wopSettleSourceCurrency" : "JPY","wopSettleDestinationCurrency" : "EUR","wccr" : 0.12,"billingCurrency" : "USD","billingSourceCurrency" : "JPY","billingDestinationCurrency" : "USD", "cccr" : 0.15}|||all
51-1|CPM Token|CPM Token-交易成功|{"wopParticipantID":"WOP_Auto_JCoinPay_03","mopParticipantID":"MOP_Auto_GrabPay_03"}|||||||||{"brandID": "Auto_GrabPay_03", "userData": {"wopUserReference":"#autotest_data#", "wopToken":"#autotest_data#", "evonetUserReference":"#autotest_data#"}}|{"code": "S0000", "message": "Success."}|||||all
51-2|CPM Payment|evonet模式,个性化表settelcyrrency:'',evonet给MOP提供货币转换-wopSettCurrency:EUR,mopSettCurrency:JPY,billingSettCurrency:USD|{"wopParticipantID":"WOP_Auto_JCoinPay_03","mopParticipantID":"MOP_Auto_GrabPay_03"}|||||||||{"mopToken": {"value": "#mopToken#"}, "mopOrderNumber": "#mopOrderNumber#", "mopTransTime": "#mopTransTime#", "transAmount": {"currency": "JPY", "value": "23"}, "storeInfo": {"id": "auto storeId", "localName": "auto localName", "mcc": "7011"}}|{"code": "S0000", "message": "Success."}|{"traceID": "#traceID#"}|{"mopSettleCurrency" : "JPY","wopSettleCurrency" : "EUR","wopSettleSourceCurrency" : "JPY","wopSettleDestinationCurrency" : "EUR","wccr" : 0.12,"billingCurrency" : "USD","billingSourceCurrency" : "JPY","billingDestinationCurrency" : "USD", "cccr" : 0.15}|||all
52-1|CPM Token|CPM Token-交易成功|{"wopParticipantID":"WOP_Auto_JCoinPay_04","mopParticipantID":"MOP_Auto_GrabPay_04"}|||||||||{"brandID": "Auto_GrabPay_04", "userData": {"wopUserReference":"#autotest_data#", "wopToken":"#autotest_data#", "evonetUserReference":"#autotest_data#"}}|{"code": "S0000", "message": "Success."}|||||all
52-2|CPM Payment|evonet模式,个性化表settelcyrrency:'',evonet给MOP提供货币转换-wopSettCurrency:JPY,mopSettCurrency:CAD,billingSettCurrency:USD|{"wopParticipantID":"WOP_Auto_JCoinPay_04","mopParticipantID":"MOP_Auto_GrabPay_04"}|||||||||{"mopToken": {"value": "#mopToken#"}, "mopOrderNumber": "#mopOrderNumber#", "mopTransTime": "#mopTransTime#", "transAmount": {"currency": "JPY", "value": "23"}, "storeInfo": {"id": "auto storeId", "localName": "auto localName", "mcc": "7011"}}|{"code": "S0000", "message": "Success."}|{"traceID": "#traceID#"}|{"mopSettleCurrency" : "CAD","mopSettleSourceCurrency" : "JPY","mopSettleDestinationCurrency" : "CAD","mccr" : 0.11,"wopSettleCurrency" : "JPY","billingCurrency" : "USD","billingSourceCurrency" : "JPY","billingDestinationCurrency" : "USD", "cccr" : 0.15}|||all
53-1|CPM Token|CPM Token-交易成功|{"wopParticipantID":"WOP_Auto_JCoinPay_03","mopParticipantID":"MOP_Auto_GrabPay_03"}|||||||||{"brandID": "Auto_GrabPay_03", "userData": {"wopUserReference":"#autotest_data#", "wopToken":"#autotest_data#", "evonetUserReference":"#autotest_data#"}}|{"code": "S0000", "message": "Success."}|||||all
53-2|CPM Payment|evonet模式,个性化表settelcyrrency:'',evonet给WOP提供货币转换-wopSettCurrency:EUR,mopSettCurrency:JPY,billingSettCurrency:JPY|{"wopParticipantID":"WOP_Auto_JCoinPay_03","mopParticipantID":"MOP_Auto_GrabPay_03"}|tyo|wop|{"baseInfo.wopID" : "WOP_Auto_JCoinPay_03"}|{"settleInfo.billingCurrency":"JPY"}|||||{"mopToken": {"value": "#mopToken#"}, "mopOrderNumber": "#mopOrderNumber#", "mopTransTime": "#mopTransTime#", "transAmount": {"currency": "JPY", "value": "23"}, "storeInfo": {"id": "auto storeId", "localName": "auto localName", "mcc": "7011"}}|{"code": "S0000", "message": "Success."}|{"traceID": "#traceID#"}|{"mopSettleCurrency" : "JPY","wopSettleCurrency" : "EUR","wopSettleSourceCurrency" : "JPY","wopSettleDestinationCurrency" : "EUR","wccr" : 0.12,"billingCurrency" : "JPY"}|||all
54-1|CPM Token|CPM Token-交易成功|{"wopParticipantID":"WOP_Auto_JCoinPay_04","mopParticipantID":"MOP_Auto_GrabPay_04"}|||||||||{"brandID": "Auto_GrabPay_04", "userData": {"wopUserReference":"#autotest_data#", "wopToken":"#autotest_data#", "evonetUserReference":"#autotest_data#"}}|{"code": "S0000", "message": "Success."}|||||all
54-2|CPM Payment|evonet模式,个性化表settelcyrrency:'',evonet给MOP提供货币转换-wopSettCurrency:JPY,mopSettCurrency:CAD,billingSettCurrency:JPY|{"wopParticipantID":"WOP_Auto_JCoinPay_04","mopParticipantID":"MOP_Auto_GrabPay_04"}|tyo|wop|{"baseInfo.wopID" : "WOP_Auto_JCoinPay_04"}|{"settleInfo.billingCurrency":"JPY"}|||||{"mopToken": {"value": "#mopToken#"}, "mopOrderNumber": "#mopOrderNumber#", "mopTransTime": "#mopTransTime#", "transAmount": {"currency": "JPY", "value": "23"}, "storeInfo": {"id": "auto storeId", "localName": "auto localName", "mcc": "7011"}}|{"code": "S0000", "message": "Success."}|{"traceID": "#traceID#"}|{"mopSettleCurrency" : "CAD","mopSettleSourceCurrency" : "JPY","mopSettleDestinationCurrency" : "CAD","mccr" : 0.11,"wopSettleCurrency" : "JPY","billingCurrency" : "JPY"}|||all
55-1|CPM Token|CPM Token-交易成功|{"wopParticipantID":"WOP_Auto_JCoinPay_05","mopParticipantID":"MOP_Auto_GrabPay_05"}|||||||||{"brandID": "Auto_GrabPay_05", "userData": {"wopUserReference":"#autotest_data#", "wopToken":"#autotest_data#", "evonetUserReference":"#autotest_data#"}}|{"code": "S0000", "message": "Success."}|||||all
55-2|CPM Payment|evonet模式,个性化表settelcyrrency:'',evonet给MOP提供货币转换-wopSettCurrency:EUR,mopSettCurrency:CAD,billingSettCurrency:JPY,|{"wopParticipantID":"WOP_Auto_JCoinPay_05","mopParticipantID":"MOP_Auto_GrabPay_05"}|||||||||{"mopToken": {"value": "#mopToken#"}, "mopOrderNumber": "#mopOrderNumber#", "mopTransTime": "#mopTransTime#", "transAmount": {"currency": "JPY", "value": "23"}, "storeInfo": {"id": "auto storeId", "localName": "auto localName", "mcc": "7011"}}|{"code": "S0000", "message": "Success."}|{"traceID": "#traceID#"}|{"mopSettleCurrency" : "CAD","mopSettleSourceCurrency" : "JPY","mopSettleDestinationCurrency" : "CAD","mccr" : 0.11,"wopSettleCurrency" : "EUR","wopSettleSourceCurrency" : "JPY","wopSettleDestinationCurrency" : "EUR","wccr" :  0.12,"billingCurrency" : "JPY"}|||all
56-1|CPM Token|CPM Token-交易成功|{"wopParticipantID":"WOP_Auto_JCoinPay_B1","mopParticipantID":"MOP_Auto_GrabPay_B1"}|||||||||{"brandID": "Auto_GrabPay_B1", "userData": {"wopUserReference":"#autotest_data#", "wopToken":"#autotest_data#", "evonetUserReference":"#autotest_data#"}}|{"code": "S0000", "message": "Success."}|||||all
56-2|CPM Payment|个性化表isCPMsupported为false-交易失败|{"wopParticipantID":"WOP_Auto_JCoinPay_B1","mopParticipantID":"MOP_Auto_GrabPay_B1"}||customizeConfig|{"mopID":"MOP_Auto_GrabPay_B1"}|{"isCPMSupported" : False}|||||{"mopToken": {"value": "#mopToken#"}, "mopOrderNumber": "#mopOrderNumber#", "mopTransTime": "#mopTransTime#", "transAmount": {"currency": "JPY", "value": "23"}, "storeInfo": {"id": "auto storeId", "localName": "auto localName", "mcc": "7011"}}|{"code":"B0021","message":"Transaction type unsupported."}|||||all
55-1|CPM Token|CPM Token-交易成功(修改过期时间)|||||||||||{"code": "S0000", "message": "Success."}|||||all
55-2|CPM Payment|CPM Payment-交易失败||tyo|tokenVault|{"qrList.0.value": "#mopToken#"}|{"qrList.0.expiryDate": "20190731180000+0800"}||||||{"code": "B0007", "message": "MOP token invalid."}|||||all
56-1|CPM Token|CPM Token-交易成功||||||||||{"brandID": "Auto_GrabPay_01", "userData": {"wopUserReference":"#autotest_data#", "wopToken":"#autotest_data#", "evonetUserReference":"#autotest_data#"}}|{"code": "S0000", "message": "Success."}|||||all
56-2|CPM Payment|CPM Payment-交易成功||||||||||{"mopToken": {"value": "#mopToken#"}, "mopOrderNumber": "samemopOrderNumber123", "mopTransTime": "#mopTransTime#", "transAmount": {"currency": "JPY", "value": "23"}, "storeInfo": {"id": "auto storeId", "localName": "auto localName", "mcc": "7011"}}|{"code": "S0000", "message": "Success."}|{"traceID": "#traceID#"}|{"mopConverterCurrencyFlag" : False,"wopConverterCurrencyFlag" : False,"billingConverterCurrencyFlag" : False}|||all
56-3|CPM Token|CPM Token-交易成功||||||||||{"brandID": "Auto_GrabPay_01", "userData": {"wopUserReference":"#autotest_data#", "wopToken":"#autotest_data#", "evonetUserReference":"#autotest_data#"}}|{"code": "S0000", "message": "Success."}|||||all
56-4|CPM Payment|CPM Payment-上送mopOrderNumber相同||||||||||{"mopToken": {"value": "#mopToken#"}, "mopOrderNumber": "samemopOrderNumber123", "mopTransTime": "#mopTransTime#", "transAmount": {"currency": "JPY", "value": "23"}, "storeInfo": {"id": "auto storeId", "localName": "auto localName", "mcc": "7011"}}|{"code": "S0000", "message": "Success."}|||||all
57-1|CPM Token|CPM Token-交易成功|{"wopParticipantID":"WOP_Auto_JCoinPay_06","mopParticipantID":"MOP_Auto_GrabPay_06"}|||||||||{"brandID": "Auto_GrabPay_06", "userData": {"wopUserReference":"#autotest_data#", "wopToken":"#autotest_data#", "evonetUserReference":"#autotest_data#"}}|{"code": "S0000", "message": "Success."}|||||all
57-2|CPM Payment|evonet给MOP提供货币转换-transcurrency:JPY,mopsettleCurrency:CAD,wopsettleCurrency:CAD,billingCurrency:USD,计算清算mopsettcurrency与wopsettcurrency相同，transcurrency与wopsettcurrency不同|{"wopParticipantID":"WOP_Auto_JCoinPay_06","mopParticipantID":"MOP_Auto_GrabPay_06"}|||||||||{"mopToken": {"value": "#mopToken#"}, "mopOrderNumber": "#mopOrderNumber#", "mopTransTime": "#mopTransTime#", "transAmount": {"currency": "JPY", "value": "23"}, "storeInfo": {"id": "auto storeId", "localName": "auto localName", "mcc": "7011"}}|{"code": "S0000", "message": "Success."}|{"traceID": "#traceID#"}|{"mopSettleCurrency" : "CAD","mopSettleSourceCurrency" : "JPY","mopSettleDestinationCurrency" : "CAD","mccr" : 0.11,"wopSettleCurrency" : "CAD","wccr" : 0.12,"wopSettleSourceCurrency" : "JPY","wopSettleDestinationCurrency" : "CAD","billingCurrency" : "USD","billingSourceCurrency" : "JPY","billingDestinationCurrency" : "USD", "cccr" : 0.15}|||all
58-1|CPM Token|CPM Token-交易成功|{"wopParticipantID":"WOP_Auto_JCoinPay_07","mopParticipantID":"MOP_Auto_GrabPay_07"}|||||||||{"brandID": "Auto_GrabPay_07", "userData": {"wopUserReference":"#autotest_data#", "wopToken":"#autotest_data#", "evonetUserReference":"#autotest_data#"}}|{"code": "S0000", "message": "Success."}|||||all
58-2|CPM Payment|evonet给MOP提供货币转换-wopSettCurrency:EUR,mopSettCurrency:CAD,billingSettCurrency:EUR|{"wopParticipantID":"WOP_Auto_JCoinPay_07","mopParticipantID":"MOP_Auto_GrabPay_07"}|||||||||{"mopToken": {"value": "#mopToken#"}, "mopOrderNumber": "#mopOrderNumber#", "mopTransTime": "#mopTransTime#", "transAmount": {"currency": "JPY", "value": "23"}, "storeInfo": {"id": "auto storeId", "localName": "auto localName", "mcc": "7011"}}|{"code": "S0000", "message": "Success."}|{"traceID": "#traceID#"}|{"mopSettleCurrency" : "CAD","mopSettleSourceCurrency" : "JPY","mopSettleDestinationCurrency" : "CAD","mccr" : 0.11,"wopSettleCurrency" : "EUR","wopSettleSourceCurrency" : "JPY","wopSettleDestinationCurrency" : "EUR","wccr" : 0.12,"billingCurrency" : "EUR","billingSourceCurrency" : "JPY","billingDestinationCurrency" : "EUR", "cccr" : 0.15}|||all
59-1|CPM Token|CPM Token-交易成功|{"wopParticipantID":"WOP_Auto_JCoinPay_19","mopParticipantID":"MOP_Auto_GrabPay_19"}|||||||||{"brandID": "Auto_GrabPay_19", "userData": {"wopUserReference":"#autotest_data#", "wopToken":"#autotest_data#", "evonetUserReference":"#autotest_data#"}}|{"code": "S0000", "message": "Success."}|||||all
59-2|CPM Payment|反向汇率中间汇率直接汇率取值,mop：存在反向，中间汇率；wop:存在中间汇率；billing:正向，反向，中间汇率都存在，个性化表中wccr,mccr为null|{"wopParticipantID":"WOP_Auto_JCoinPay_19","mopParticipantID":"MOP_Auto_GrabPay_19"}|||||||||{"mopToken": {"value": "#mopToken#"}, "mopOrderNumber": "#mopOrderNumber#", "mopTransTime": "#mopTransTime#", "transAmount": {"currency": "JPY", "value": "23"}, "storeInfo": {"id": "auto storeId", "localName": "auto localName", "mcc": "7011"}}|{"code": "S0000", "message": "Success."}|{"traceID": "#traceID#"}|{"mopSettleCurrency" : "SGD","mopSettleSourceCurrency" : "JPY","mopSettleDestinationCurrency" : "SGD","mccr" : 0.17,"wopSettleCurrency" : "NOK","wopSettleSourceCurrency" : "JPY","wopSettleDestinationCurrency" : "NOK","wccr" :0.12,"billingCurrency" : "THB","billingSourceCurrency" : "JPY","billingDestinationCurrency" : "THB", "cccr" :  0.15}|||all
60-1|CPM Token|CPM Token-交易成功|{"wopParticipantID":"WOP_Auto_JCoinPay_09","mopParticipantID":"MOP_Auto_GrabPay_09"}|||||||||{"brandID": "Auto_GrabPay_09", "userData": {"wopUserReference":"#autotest_data#", "wopToken":"#autotest_data#", "evonetUserReference":"#autotest_data#"}}|{"code": "S0000", "message": "Success."}|||||all
60-2|CPM Payment|transcurrency:JPY, mopsettleCurrency: CAD, wopsettleCurrency: EUR, billingCurrency: USD,无个性化配置，读取默认参数|{"wopParticipantID":"WOP_Auto_JCoinPay_09","mopParticipantID":"MOP_Auto_GrabPay_09"}|||||||||{"mopToken": {"value": "#mopToken#"}, "mopOrderNumber": "#mopOrderNumber#", "mopTransTime": "#mopTransTime#", "transAmount": {"currency": "JPY", "value": "23"}, "storeInfo": {"id": "auto storeId", "localName": "auto localName", "mcc": "7011"}}|{"code": "S0000", "message": "Success."}|{"traceID": "#traceID#"}|{"mopSettleCurrency" : "CAD","mopSettleSourceCurrency" : "JPY","mopSettleDestinationCurrency" : "CAD","mccr" : 0.17,"wopSettleCurrency" : "EUR","wopSettleSourceCurrency" : "JPY","wopSettleDestinationCurrency" : "EUR","wccr" :0.12,"billingCurrency" : "USD","billingSourceCurrency" : "JPY","billingDestinationCurrency" : "USD", "cccr" :  0.15}|||all
61-1|CPM Token|CPM Token-交易成功|{"wopParticipantID":"WOP_Auto_JCoinPay_10","mopParticipantID":"MOP_Auto_GrabPay_10"}|||||||||{"brandID": "Auto_GrabPay_10", "userData": {"wopUserReference":"#autotest_data#", "wopToken":"#autotest_data#", "evonetUserReference":"#autotest_data#"}}|{"code": "S0000", "message": "Success."}|||||all
61-2|CPM Payment|transcurrency:JPY,mopsettleCurrency:JPY,wopsettleCurrency:EUR,billingCurrency:USD,无个性化配置，读取默认参数|{"wopParticipantID":"WOP_Auto_JCoinPay_10","mopParticipantID":"MOP_Auto_GrabPay_10"}|||||||||{"mopToken": {"value": "#mopToken#"}, "mopOrderNumber": "#mopOrderNumber#", "mopTransTime": "#mopTransTime#", "transAmount": {"currency": "JPY", "value": "23"}, "storeInfo": {"id": "auto storeId", "localName": "auto localName", "mcc": "7011"}}|{"code": "S0000", "message": "Success."}|{"traceID": "#traceID#"}|{"mopSettleCurrency" : "JPY","wopSettleCurrency" : "EUR","wopSettleSourceCurrency" : "JPY","wopSettleDestinationCurrency" : "EUR","wccr" :0.12,"billingCurrency" : "USD","billingSourceCurrency" : "JPY","billingDestinationCurrency" : "USD", "cccr" :  0.15}|||all
62-1|CPM Token|CPM Token-交易成功|{"wopParticipantID":"WOP_Auto_JCoinPay_13","mopParticipantID":"MOP_Auto_GrabPay_13"}|||||||||{"brandID": "Auto_GrabPay_13", "userData": {"wopUserReference":"#autotest_data#", "wopToken":"#autotest_data#", "evonetUserReference":"#autotest_data#"}}|{"code": "S0000", "message": "Success."}|||||all
62-2|CPM Payment|transcurrency:JPY,mopsettleCurrency:CAD,wopsettleCurrency:CAD,billingCurrency:USD,无个性化配置，读取默认参数|{"wopParticipantID":"WOP_Auto_JCoinPay_13","mopParticipantID":"MOP_Auto_GrabPay_13"}|||||||||{"mopToken": {"value": "#mopToken#"}, "mopOrderNumber": "#mopOrderNumber#", "mopTransTime": "#mopTransTime#", "transAmount": {"currency": "JPY", "value": "23"}, "storeInfo": {"id": "auto storeId", "localName": "auto localName", "mcc": "7011"}}|{"code": "S0000", "message": "Success."}|{"traceID": "#traceID#"}|{"mopSettleCurrency" : "CAD","mopSettleSourceCurrency" : "JPY","mopSettleDestinationCurrency" : "CAD","mccr" : 0.17,"wopSettleCurrency" : "CAD","wopSettleSourceCurrency" : "JPY","wopSettleDestinationCurrency" : "CAD","wccr" :0.12,"billingCurrency" : "USD","billingSourceCurrency" : "JPY","billingDestinationCurrency" : "USD", "cccr" :  0.15}|||all
70-1|CPM Token|CPM Token-交易成功|{"wopParticipantID":"WOP_Auto_JCoinPay_20","mopParticipantID":"MOP_Auto_GrabPay_20"}|||||||||{"brandID": "Auto_GrabPay_20", "userData": {"wopUserReference":"#autotest_data#", "wopToken":"#autotest_data#", "evonetUserReference":"#autotest_data#"}}|{"code": "S0000", "message": "Success."}|||||all
70-2|CPM Payment|反向汇率中间汇率直接汇率取值,mop：存在正向，反向，中间汇率；wop:存在反向，中间汇率；billing:中间汇率存在，个性化表中wccr,mccr为null|{"wopParticipantID":"WOP_Auto_JCoinPay_20","mopParticipantID":"MOP_Auto_GrabPay_20"}|||||||||{"mopToken": {"value": "#mopToken#"}, "mopOrderNumber": "#mopOrderNumber#", "mopTransTime": "#mopTransTime#", "transAmount": {"currency": "JPY", "value": "23"}, "storeInfo": {"id": "auto storeId", "localName": "auto localName", "mcc": "7011"}}|{"code": "S0000", "message": "Success."}|{"traceID": "#traceID#"}|{"mopSettleCurrency" : "RUB","mopSettleSourceCurrency" : "JPY","mopSettleDestinationCurrency" : "RUB","mccr" : 0.17,"wopSettleCurrency" : "AUD","wopSettleSourceCurrency" : "JPY","wopSettleDestinationCurrency" : "AUD","wccr" :0.12,"billingCurrency" : "KRW","billingSourceCurrency" : "JPY","billingDestinationCurrency" : "KRW", "cccr" :  0.15}|||all
71-1|CPM Token|CPM Token-交易成功|{"wopParticipantID":"WOP_Auto_JCoinPay_21","mopParticipantID":"MOP_Auto_GrabPay_21"}|||||||||{"brandID": "Auto_GrabPay_21", "userData": {"wopUserReference":"#autotest_data#", "wopToken":"#autotest_data#", "evonetUserReference":"#autotest_data#"}}|{"code": "S0000", "message": "Success."}|||||all
71-2|CPM Payment|反向汇率中间汇率直接汇率取值,mop：存在中间汇率；wop:存在反向汇率；billing:反向，中间汇率都存在，个性化表中wccr,mccr为null|{"wopParticipantID":"WOP_Auto_JCoinPay_21","mopParticipantID":"MOP_Auto_GrabPay_21"}|||||||||{"mopToken": {"value": "#mopToken#"}, "mopOrderNumber": "#mopOrderNumber#", "mopTransTime": "#mopTransTime#", "transAmount": {"currency": "JPY", "value": "23"}, "storeInfo": {"id": "auto storeId", "localName": "auto localName", "mcc": "7011"}}|{"code": "S0000", "message": "Success."}|{"traceID": "#traceID#"}|{"mopSettleCurrency" : "NZD","mopSettleSourceCurrency" : "JPY","mopSettleDestinationCurrency" : "NZD","mccr" : 0.17,"wopSettleCurrency" : "IDR","wopSettleSourceCurrency" : "JPY","wopSettleDestinationCurrency" : "IDR","wccr" :0.12,"billingCurrency" : "DKK","billingSourceCurrency" : "JPY","billingDestinationCurrency" : "DKK", "cccr" :  0.15}|||all
72-1|CPM Token|CPM Token-交易成功|{"wopParticipantID":"WOP_Auto_JCoinPay_A14","mopParticipantID":"MOP_Auto_GrabPay_A14"}|||||||||{"brandID": "Auto_GrabPay_A14", "userData": {"wopUserReference":"#autotest_data#", "wopToken":"#autotest_data#", "evonetUserReference":"#autotest_data#"}}|{"code": "S0000", "message": "Success."}|||||all
72-2|CPM Payment|交易失败CPM Payment-汇率表里没有该转换数据|{"wopParticipantID":"WOP_Auto_JCoinPay_A14","mopParticipantID":"MOP_Auto_GrabPay_A14"}|||||||||{"mopToken": {"value": "#mopToken#"}, "mopOrderNumber": "#mopOrderNumber#", "mopTransTime": "#mopTransTime#", "transAmount": {"currency": "JPY", "value": "23"}, "storeInfo": {"id": "auto storeId", "localName": "auto localName", "mcc": "7011"}}|{"code": "E0002", "message": "Failed."}|||||all
73-1|CPM Token|CPM Token-交易成功||||||||||{"brandID": "Auto_GrabPay_01", "userData": {"wopUserReference":"#autotest_data#", "wopToken":"#autotest_data#", "evonetUserReference":"#autotest_data#"}}|{"code": "S0000", "message": "Success."}|||||all
73-2|CPM Payment|CPM Payment-交易成功||||||||||{"mopToken": {"value": "#mopToken#"}, "mopOrderNumber": "#mopOrderNumber#", "mopTransTime": "#mopTransTime#", "transAmount": {"currency": "JPY", "value": "23"}, "storeInfo": {"id": "auto storeId", "localName": "auto localName", "mcc": "7011"}}|{"code": "S0000", "message": "Success."}|||||all
73-2|CPM Payment|CPM Payment-token重复-交易失败||||||||||{"mopToken": {"value": "#mopToken#"}, "mopOrderNumber": "#mopOrderNumber#", "mopTransTime": "#mopTransTime#", "transAmount": {"currency": "JPY", "value": "23"}, "storeInfo": {"id": "auto storeId", "localName": "auto localName", "mcc": "7011"}}|{"code": "B0007", "message": "MOP token invalid."}|||||all
74-1|CPM Token|CPM Token-交易成功||||||||||{"brandID": "Auto_GrabPay_01", "userData": {"wopUserReference":"#autotest_data#", "wopToken":"#autotest_data#", "evonetUserReference":"#autotest_data#"}}|{"code": "S0000", "message": "Success."}|||||all
74-2|CPM Payment|CPM Payment-币种为HKD,transAmount.value为0.01||||||||||{"mopToken": {"value": "#mopToken#"}, "mopOrderNumber": "#mopOrderNumber#", "mopTransTime": "#mopTransTime#", "transAmount": {"currency": "HKD", "value": "0.01"}, "storeInfo": {"id": "auto storeId", "localName": "auto localName", "mcc": "7011"}}|{"code": "S0000", "message": "Success."}|||||all
75-1|CPM Token|CPM Token-交易成功||||||||||{"brandID": "Auto_GrabPay_01", "userData": {"wopUserReference":"#autotest_data#", "wopToken":"#autotest_data#", "evonetUserReference":"#autotest_data#"}}|{"code": "S0000", "message": "Success."}|||||all
75-2|CPM Payment|CPM Payment-币种为HKD,transAmount.value为123456||||||||||{"mopToken": {"value": "#mopToken#"}, "mopOrderNumber": "#mopOrderNumber#", "mopTransTime": "#mopTransTime#", "transAmount": {"currency": "HKD", "value": "123456"}, "storeInfo": {"id": "auto storeId", "localName": "auto localName", "mcc": "7011"}}|{"code": "S0000", "message": "Success."}|||||all
76-1|CPM Token|CPM Token-交易成功|{"wopParticipantID":"WOP_Auto_JCoinPay_23","mopParticipantID":"MOP_Auto_GrabPay_23"}|||||WOP_Auto_JCoinPay_23||MOP_Auto_GrabPay_23||{"brandID": "Auto_GrabPay_23", "userData": {"wopUserReference":"#autotest_data#", "wopToken":"#autotest_data#", "evonetUserReference":"#autotest_data#"}}|{"code": "S0000", "message": "Success."}|||||all
76-2|CPM Payment|个性化表中mccr\wcccr为0|{"wopParticipantID":"WOP_Auto_JCoinPay_23","mopParticipantID":"MOP_Auto_GrabPay_23"}|||||WOP_Auto_JCoinPay_23||MOP_Auto_GrabPay_23||{"mopToken": {"value": "#mopToken#"}, "mopOrderNumber": "#mopOrderNumber#", "mopTransTime": "#mopTransTime#", "transAmount": {"currency": "JPY", "value": "23"}, "storeInfo": {"id": "auto storeId", "localName": "auto localName", "mcc": "7011"}}|{"code": "S0000", "message": "Success."}|{"traceID": "#traceID#"}|{"mopSettleCurrency" : "CAD","mopSettleSourceCurrency" : "JPY","mopSettleDestinationCurrency" : "CAD","mccr" : 0.0,"wopSettleCurrency" : "EUR","wopSettleSourceCurrency" : "JPY","wopSettleDestinationCurrency" : "EUR","wccr" :0.0,"billingCurrency" : "USD","cccr" : 0.15}|||all
62-1|CPM Token|CPM Token-交易成功||||||WOP_Auto_JCoinPay_31||MOP_Auto_GrabPay_31||{"brandID": "Auto_GrabPay_31"}|{"code": "S0000", "message": "Success."}|||||all
62-2|CPM Payment|CPM Payment直清模式-trans=mopSettCurrency=wopSettCurrency=JPY,wccr为0,isbilling:false计算清算,取个性化表||||||WOP_Auto_JCoinPay_31||MOP_Auto_GrabPay_31|||{"code": "S0000", "message": "Success."}|{"evonetOrderNumber": "#evonetOrderNumber#"}|{"wopSettleCurrency" : "JPY","mopSettleCurrency" : "JPY","billingCurrency" : "CNY"}|||all
63-1|CPM Token|CPM Token-交易成功||||||WOP_Auto_JCoinPay_31||MOP_Auto_GrabPay_31||{"brandID": "Auto_GrabPay_31"}|{"code": "S0000", "message": "Success."}|||||all
63-2|CPM Payment|CPM Payment直清模式-trans=mopSettCurrency=wopSettCurrency=JPY,wccr为0,isbilling:true计算清算,取个性化表||tyo|wop|{"baseInfo.wopID" : "WOP_Auto_JCoinPay_31"}|{"settleInfo.isBillingAmountCalculated":True}|WOP_Auto_JCoinPay_31||MOP_Auto_GrabPay_31|||{"code": "S0000", "message": "Success."}|{"evonetOrderNumber": "#evonetOrderNumber#"}|{"wopSettleCurrency" : "JPY","mopSettleCurrency" : "JPY","billingCurrency" : "JPY"}|||all
64-1|CPM Token|CPM Token-交易成功||||||WOP_Auto_JCoinPay_31||MOP_Auto_GrabPay_31||{"brandID": "Auto_GrabPay_31"}|{"code": "S0000", "message": "Success."}|||||all
64-2|CPM Payment|CPM Payment直清模式-trans=mopSettCurrency=wopSettCurrency=JPY,wccr为0.1,isbilling:true计算清算,取个性化表||tyo|wop|{"baseInfo.wopID" : "WOP_Auto_JCoinPay_31"}|{"settleInfo.isBillingAmountCalculated":True,"settleInfo.mccr":0.1}|WOP_Auto_JCoinPay_31||MOP_Auto_GrabPay_31|||{"code": "S0000", "message": "Success."}|{"evonetOrderNumber": "#evonetOrderNumber#"}|{"wopSettleCurrency" : "JPY","mopSettleCurrency" : "JPY","billingCurrency" : "JPY"}|||all
65-1|CPM Token|CPM Token-交易成功||||||WOP_Auto_JCoinPay_31||MOP_Auto_GrabPay_31||{"brandID": "Auto_GrabPay_31"}|{"code": "S0000", "message": "Success."}|||||all
65-2|CPM Payment|CPM Payment直清模式-trans=mopSettCurrency=wopSettCurrency=JPY,wccr为0.1,isbilling:true计算清算,取个性化表||tyo|wop|{"baseInfo.wopID" : "WOP_Auto_JCoinPay_31"}|{"settleInfo.isBillingAmountCalculated":True,"settleInfo.wccr":0.1}|WOP_Auto_JCoinPay_31||MOP_Auto_GrabPay_31|||{"code": "S0000", "message": "Success."}|{"evonetOrderNumber": "#evonetOrderNumber#"}|{"wopSettleCurrency" : "JPY","mopSettleCurrency" : "JPY","billingCurrency" : "JPY"}|||all
66-1|CPM Token|CPM Token-交易成功||||||WOP_Auto_JCoinPay_31||MOP_Auto_GrabPay_31||{"brandID": "Auto_GrabPay_31"}|{"code": "S0000", "message": "Success."}|||||all
66-2|CPM Payment|CPM Payment直清模式-trans=mopSettCurrency=wopSettCurrency=JPY,cccr为0.1,isbilling:true计算清算,取个性化表||tyo|wop|{"baseInfo.wopID" : "WOP_Auto_JCoinPay_31"}|{"settleInfo.isBillingAmountCalculated":True,"settleInfo.cccr":0.1}|WOP_Auto_JCoinPay_31||MOP_Auto_GrabPay_31|||{"code": "S0000", "message": "Success."}|{"evonetOrderNumber": "#evonetOrderNumber#"}|{"wopSettleCurrency" : "JPY","mopSettleCurrency" : "JPY","billingCurrency" : "JPY"}|||all
67-1|CPM Token|CPM Token-交易成功||||||WOP_Auto_JCoinPay_31||MOP_Auto_GrabPay_31||{"brandID": "Auto_GrabPay_31"}|{"code": "S0000", "message": "Success."}|||||all
67-2|CPM Payment|CPM Payment直清模式-trans=mopSettCurrency=wopSettCurrency,cccr为0.1,isbilling:true计算清算,取个性化表||tyo|wop|{"baseInfo.wopID" : "WOP_Auto_JCoinPay_31"}|{"settleInfo.isBillingAmountCalculated":True,"settleInfo.settleCurrency":"CAD"}|WOP_Auto_JCoinPay_31||MOP_Auto_GrabPay_31|||{"code": "S0000", "message": "Success."}|{"evonetOrderNumber": "#evonetOrderNumber#"}|{"wopSettleCurrency" : "JPY","mopSettleCurrency" : "JPY","billingCurrency" : "JPY"}|||all
68-1|CPM Token|CPM Token-交易成功||||||WOP_Auto_JCoinPay_31||MOP_Auto_GrabPay_31||{"brandID": "Auto_GrabPay_31"}|{"code": "S0000", "message": "Success."}|||||all
68-2|CPM Payment|CPM Payment直清模式-trans=mopSettCurrency=wopSettCurrency=JPY!=billingcurrency=CAD,isbilling:true计算清算,取个性化表,取个性化表||tyo|wop|{"baseInfo.wopID" : "WOP_Auto_JCoinPay_31"}|{"settleInfo.isBillingAmountCalculated":True,"settleInfo.billingCurrency":"CAD"}|WOP_Auto_JCoinPay_31||MOP_Auto_GrabPay_31|||{"code": "S0000", "message": "Success."}|{"evonetOrderNumber": "#evonetOrderNumber#"}|{"wopSettleCurrency" : "JPY","mopSettleCurrency" : "JPY","billingCurrency" : "CAD","billingSourceCurrency" : "JPY","billingDestinationCurrency" : "CAD","cccr" : 0.15}|||all
69-1|CPM Token|CPM Token-交易成功||||||WOP_Auto_JCoinPay_31||MOP_Auto_GrabPay_31||{"brandID": "Auto_GrabPay_31"}|{"code": "S0000", "message": "Success."}|||||all
69-2|CPM Payment|CPM Payment直清模式-trans=mopSettCurrency=wopSettCurrency=JPY!=billingcurrency=CAD,isbilling:true计算清算,取个性化表,取个性化表||tyo|wop|{"baseInfo.wopID" : "WOP_Auto_JCoinPay_31"}|{"settleInfo.isBillingAmountCalculated":True,"settleInfo.billingCurrency":"CAD","settleInfo.cccr":0.1}|WOP_Auto_JCoinPay_31||MOP_Auto_GrabPay_31|||{"code": "S0000", "message": "Success."}|{"evonetOrderNumber": "#evonetOrderNumber#"}|{"wopSettleCurrency" : "JPY","mopSettleCurrency" : "JPY","billingCurrency" : "CAD","billingSourceCurrency" : "JPY","billingDestinationCurrency" : "CAD","cccr":0.1}|||all
70-1|CPM Token|CPM Token-交易成功||||||WOP_Auto_JCoinPay_32||MOP_Auto_GrabPay_32||{"brandID": "Auto_GrabPay_32"}|{"code": "S0000", "message": "Success."}|||||all
70-2|CPM Payment|CPM Payment默认配置，无个性化表trans=mopSettCurrency=wopSettCurrency=JPY,cccr为0.15,isbilling:true计算清算||tyo|wop|{"baseInfo.wopID" : "WOP_Auto_JCoinPay_32"}|{"settleInfo.isBillingAmountCalculated":True}|WOP_Auto_JCoinPay_32||MOP_Auto_GrabPay_32|||{"code": "S0000", "message": "Success."}|{"evonetOrderNumber": "#evonetOrderNumber#"}|{"wopSettleCurrency" : "JPY","mopSettleCurrency" : "JPY","billingCurrency" : "JPY"}|||all
71-1|CPM Token|CPM Token-交易成功||||||WOP_Auto_JCoinPay_32||MOP_Auto_GrabPay_32||{"brandID": "Auto_GrabPay_32"}|{"code": "S0000", "message": "Success."}|||||all
71-2|CPM Payment|CPM Payment默认配置，无个性化表trans=mopSettCurrency=wopSettCurrency=JPY!=billingcurrency=CAD,isbilling:true计算清算||tyo|wop|{"baseInfo.wopID" : "WOP_Auto_JCoinPay_32"}|{"settleInfo.isBillingAmountCalculated":True,"settleInfo.billingCurrency":"CAD","settleInfo.cccr" : 0.15}|WOP_Auto_JCoinPay_32||MOP_Auto_GrabPay_32|||{"code": "S0000", "message": "Success."}|{"evonetOrderNumber": "#evonetOrderNumber#"}|{"wopSettleCurrency" : "JPY","mopSettleCurrency" : "JPY","billingCurrency" : "CAD","billingSourceCurrency" : "JPY","billingDestinationCurrency" : "CAD","cccr" : 0.15}|||all
72-1|CPM Token|CPM Token-交易成功||||||WOP_Auto_JCoinPay_32||MOP_Auto_GrabPay_32||{"brandID": "Auto_GrabPay_32"}|{"code": "S0000", "message": "Success."}|||||all
72-2|CPM Payment|CPM Payment默认配置，无个性化表trans=mopSettCurrency=wopSettCurrency=JPY!=billingcurrency=CAD,isbilling:true,CCCR=0.1计算清算||tyo|wop|{"baseInfo.wopID" : "WOP_Auto_JCoinPay_32"}|{"settleInfo.isBillingAmountCalculated":True,"settleInfo.billingCurrency":"CAD","settleInfo.cccr":0.1}|WOP_Auto_JCoinPay_32||MOP_Auto_GrabPay_32|||{"code": "S0000", "message": "Success."}|{"evonetOrderNumber": "#evonetOrderNumber#"}|{"wopSettleCurrency" : "JPY","mopSettleCurrency" : "JPY","billingCurrency" : "CAD","billingSourceCurrency" : "JPY","billingDestinationCurrency" : "CAD","cccr":0.1}|||all
73-1|CPM Token|CPM Token-交易成功||||||WOP_Auto_JCoinPay_32||MOP_Auto_GrabPay_32||{"brandID": "Auto_GrabPay_32"}|{"code": "S0000", "message": "Success."}|||||all
73-2|CPM Payment|CPM Payment默认配置，无个性化表trans=mopSettCurrency!=wopSettCurrency=JPY=billingcurrency=CAD,isbilling:true,CCCR=0.1计算清算||tyo|wop|{"baseInfo.wopID" : "WOP_Auto_JCoinPay_32"}|{"settleInfo.isBillingAmountCalculated":True,"settleInfo.settleCurrency":"CAD","settleInfo.cccr":0.1}|WOP_Auto_JCoinPay_32||MOP_Auto_GrabPay_32|||{"code": "S0000", "message": "Success."}|{"evonetOrderNumber": "#evonetOrderNumber#"}|{"wopSettleCurrency" : "CAD","wopSettleSourceCurrency":"JPY","wopSettleDestinationCurrency":"CAD","mopSettleCurrency" : "JPY","billingCurrency" : "JPY"}|||all
77-1|CPM Token|CPM Token-交易成功||||||||||{"brandID": "Auto_GrabPay_01", "userData": {"wopUserReference":"#autotest_data#", "wopToken":"#autotest_data#", "evonetUserReference":"#autotest_data#"}}|{"code": "S0000", "message": "Success."}|||||all
77-2|CPM Payment|CPM Payment-币种为HKD,transAmount.value为123456||||||||||{"mopToken": {"value": "#mopToken#"}, "mopOrderNumber": "#mopOrderNumber#", "mopTransTime": "#mopTransTime#", "transAmount": {"currency": "HKD", "value": "123456"}, "storeInfo": {"id": "auto storeId", "localName": "auto localName", "mcc": "7011"}}|{"code": "S0000", "message": "Success."}|||||all
78-1|CPM Token|CPM Token-交易成功|{"wopParticipantID":"WOP_Auto_JCoinPay_23","mopParticipantID":"MOP_Auto_GrabPay_23"}|||||WOP_Auto_JCoinPay_23||MOP_Auto_GrabPay_23||{"brandID": "Auto_GrabPay_23", "userData": {"wopUserReference":"#autotest_data#", "wopToken":"#autotest_data#", "evonetUserReference":"#autotest_data#"}}|{"code": "S0000", "message": "Success."}|||||all
78-2|CPM Payment|evonet模式1个性化表中mccr为0|{"wopParticipantID":"WOP_Auto_JCoinPay_23","mopParticipantID":"MOP_Auto_GrabPay_23"}|||||WOP_Auto_JCoinPay_23||MOP_Auto_GrabPay_23||{"mopToken": {"value": "#mopToken#"}, "mopOrderNumber": "#mopOrderNumber#", "mopTransTime": "#mopTransTime#", "transAmount": {"currency": "JPY", "value": "23"}, "storeInfo": {"id": "auto storeId", "localName": "auto localName", "mcc": "7011"}}|{"code": "S0000", "message": "Success."}|{"traceID": "#traceID#"}|{"mopSettleCurrency" : "CAD","mopSettleSourceCurrency" : "JPY","mopSettleDestinationCurrency" : "CAD","mccr" : 0.0,"wopSettleCurrency" : "EUR","wopSettleSourceCurrency" : "JPY","wopSettleDestinationCurrency" : "EUR","wccr" : 0.0,"billingCurrency" : "USD","cccr" : 0.15}|||all
80-1|CPM Token|CPM Token-交易成功||{"wopParticipantID":"WOP_Auto_JCoinPay_02","mopParticipantID":"MOP_Auto_GrabPay_02"}||||WOP_Auto_JCoinPay_02||MOP_Auto_GrabPay_02||{"brandID": "Auto_GrabPay_02", "userData": {"wopUserReference":"#autotest_data#", "wopToken":"#autotest_data#", "evonetUserReference":"#autotest_data#"}}|{"code": "S0000", "message": "Success."}|||||all
80-2|CPM Payment|evonet模式1|{"wopParticipantID":"WOP_Auto_JCoinPay_02","mopParticipantID":"MOP_Auto_GrabPay_02"}|tyo|customizeConfig|{"wopID":"WOP_Auto_JCoinPay_02"}|["transCurrencies.0.mccr"]|WOP_Auto_JCoinPay_02||MOP_Auto_GrabPay_02||{"mopToken": {"value": "#mopToken#"}, "mopOrderNumber": "#mopOrderNumber#", "mopTransTime": "#mopTransTime#", "transAmount": {"currency": "JPY", "value": "23"}, "storeInfo": {"id": "auto storeId", "localName": "auto localName", "mcc": "7011"}}|{"code": "S0000", "message": "Success."}|{"traceID": "#traceID#"}|{"wopSettleCurrency" : "EUR","wopSettleSourceCurrency" : "JPY","wopSettleDestinationCurrency" : "EUR","wccr" : 0.12,"mopSettleCurrency" : "CAD","mopSettleSourceCurrency" : "JPY","mopSettleDestinationCurrency" : "CAD","mccr" : 0.13,"billingCurrency" : "USD","billingSourceCurrency" : "JPY","billingDestinationCurrency" : "USD", "cccr" :  0.15}|||all
81-1|CPM Token|CPM Token-交易成功||{"wopParticipantID":"WOP_Auto_JCoinPay_09","mopParticipantID":"MOP_Auto_GrabPay_09"}||||WOP_Auto_JCoinPay_09||MOP_Auto_GrabPay_09||{"brandID": "Auto_GrabPay_09", "userData": {"wopUserReference":"#autotest_data#", "wopToken":"#autotest_data#", "evonetUserReference":"#autotest_data#"}}|{"code": "S0000", "message": "Success."}|||||all
81-2|CPM Payment|evonet模式1|{"wopParticipantID":"WOP_Auto_JCoinPay_09","mopParticipantID":"MOP_Auto_GrabPay_09"}|tyo|mop|{"baseInfo.mopID":"MOP_Auto_GrabPay_09"}|["transCurrencies.0.mccr"]|WOP_Auto_JCoinPay_09||MOP_Auto_GrabPay_09||{"mopToken": {"value": "#mopToken#"}, "mopOrderNumber": "#mopOrderNumber#", "mopTransTime": "#mopTransTime#", "transAmount": {"currency": "JPY", "value": "23"}, "storeInfo": {"id": "auto storeId", "localName": "auto localName", "mcc": "7011"}}|{"code": "S0000", "message": "Success."}|{"traceID": "#traceID#"}|{"wopSettleCurrency" : "EUR","wopSettleSourceCurrency" : "JPY","wopSettleDestinationCurrency" : "EUR","wccr" :0.12,"mopSettleCurrency" : "CAD","mopSettleSourceCurrency" : "JPY","mopSettleDestinationCurrency" : "CAD","mccr" : 0.17,billingCurrency" : "USD","billingSourceCurrency" : "JPY","billingDestinationCurrency" : "USD", "cccr" :  0.15}|||all
82-1|CPM Token|CPM Token-交易成功||{"wopParticipantID":"WOP_Auto_JCoinPay_bilateral01","mopParticipantID":"MOP_Auto_GrabPay_bilateral01"}||||WOP_Auto_JCoinPay_bilateral01||MOP_Auto_GrabPay_bilateral01||{"brandID": "Auto_GrabPay_bilateral01", "userData": {"wopUserReference":"#autotest_data#", "wopToken":"#autotest_data#", "evonetUserReference":"#autotest_data#"}}|{"code": "S0000", "message": "Success."}|||||all
82-2|CPM Payment|直清模式-币种转换-mccrwccr取值|{"wopParticipantID":"WOP_Auto_JCoinPay_bilateral01","mopParticipantID":"MOP_Auto_GrabPay_bilateral01"}|||||WOP_Auto_JCoinPay_bilateral01||MOP_Auto_GrabPay_bilateral01||{"mopToken": {"value": "#mopToken#"}, "mopOrderNumber": "#mopOrderNumber#", "mopTransTime": "#mopTransTime#", "transAmount": {"currency": "JPY", "value": "23"}, "storeInfo": {"id": "auto storeId", "localName": "auto localName", "mcc": "7011"}}|{"code": "S0000", "message": "Success."}|{"traceID": "#traceID#"}|{"wopSettleCurrency" : "CAD","wopSettleSourceCurrency" : "JPY","wopSettleDestinationCurrency" : "CAD","wccr" : 0.11,"mopSettleCurrency" : "CAD","mopSettleSourceCurrency" : "JPY","mopSettleDestinationCurrency" : "CAD","mccr" : 0.11,"billingCurrency" : "EUR","billingSourceCurrency" : "JPY","billingDestinationCurrency" : "EUR", "cccr" :  0.15}|||all
83-1|CPM Token|CPM Token-交易成功||{"wopParticipantID":"WOP_Auto_JCoinPay_bilateral01","mopParticipantID":"MOP_Auto_GrabPay_bilateral01"}||||WOP_Auto_JCoinPay_bilateral01||MOP_Auto_GrabPay_bilateral01||{"brandID": "Auto_GrabPay_bilateral01", "userData": {"wopUserReference":"#autotest_data#", "wopToken":"#autotest_data#", "evonetUserReference":"#autotest_data#"}}|{"code": "S0000", "message": "Success."}|||||all
83-2|CPM Payment|直清模式-币种转换-mccrwccr取值|{"wopParticipantID":"WOP_Auto_JCoinPay_bilateral01","mopParticipantID":"MOP_Auto_GrabPay_bilateral01"}|tyo|customizeConfig|{"wopID":"WOP_Auto_JCoinPay_bilateral01"}|["transCurrencies.0.mccr"]|WOP_Auto_JCoinPay_bilateral01||MOP_Auto_GrabPay_bilateral01||{"mopToken": {"value": "#mopToken#"}, "mopOrderNumber": "#mopOrderNumber#", "mopTransTime": "#mopTransTime#", "transAmount": {"currency": "JPY", "value": "23"}, "storeInfo": {"id": "auto storeId", "localName": "auto localName", "mcc": "7011"}}|{"code": "S0000", "message": "Success."}|{"traceID": "#traceID#"}|{"wopSettleCurrency" : "CAD","wopSettleSourceCurrency" : "JPY","wopSettleDestinationCurrency" : "CAD","wccr" : 0.11,"mopSettleCurrency" : "CAD","mopSettleSourceCurrency" : "JPY","mopSettleDestinationCurrency" : "CAD","mccr" : 0.13,"billingCurrency" : "EUR","billingSourceCurrency" : "JPY","billingDestinationCurrency" : "EUR", "cccr" :  0.15}|||all
84-1|CPM Token|CPM Token-交易成功||{"wopParticipantID":"WOP_Auto_JCoinPay_02","mopParticipantID":"MOP_Auto_GrabPay_02"}||||WOP_Auto_JCoinPay_02||MOP_Auto_GrabPay_02||{"brandID": "Auto_GrabPay_02", "userData": {"wopUserReference":"#autotest_data#", "wopToken":"#autotest_data#", "evonetUserReference":"#autotest_data#"}}|{"code": "S0000", "message": "Success."}|||||all
84-2|CPM Payment|evonet模式1|{"wopParticipantID":"WOP_Auto_JCoinPay_02","mopParticipantID":"MOP_Auto_GrabPay_02"}|tyo|customizeConfig|{"wopID":"WOP_Auto_JCoinPay_02"}|["transCurrencies.0.mccr","wccr"]|WOP_Auto_JCoinPay_02||MOP_Auto_GrabPay_02||{"mopToken": {"value": "#mopToken#"}, "mopOrderNumber": "#mopOrderNumber#", "mopTransTime": "#mopTransTime#", "transAmount": {"currency": "JPY", "value": "23"}, "storeInfo": {"id": "auto storeId", "localName": "auto localName", "mcc": "7011"}}|{"code": "S0000", "message": "Success."}|{"traceID": "#traceID#"}|{"wopSettleCurrency" : "EUR","wopSettleSourceCurrency" : "JPY","wopSettleDestinationCurrency" : "EUR","wccr" :  0.14,"mopSettleCurrency" : "CAD","mopSettleSourceCurrency" : "JPY","mopSettleDestinationCurrency" : "CAD","mccr" : 0.13,"billingCurrency" : "USD","billingSourceCurrency" : "JPY","billingDestinationCurrency" : "USD", "cccr" :  0.15}|||all